<?xml version="1.0" encoding="UTF-8"?>
<!DOCTYPE mapper PUBLIC "-//mybatis.org//DTD Mapper 3.0//EN" "http://mybatis.org/dtd/mybatis-3-mapper.dtd">
<mapper namespace="com.xiaoshu.dao.EmpMapper">
  <select id="findPage" parameterType="empVo" resultType="empVo">
  
  SELECT e.*,d.`name` As dname FROM tb_emp e,dept d 
  <where>
  e.tb_emp_did=d.id
  	<if test="tbEmpName!=null and tbEmpName!=''">
  	and e.tb_emp_name like '%${tbEmpName}%'
  	
  	</if>
  	<if test="tbEmpSex!=null and tbEmpSex!=''">
  	and e.tb_emp_sex = #{tbEmpSex}
  	
  	</if>
  	<if test="age1!=null">
  	and e.tb_emp_age &gt;=#{age1}
  	
  	</if>
  	<if test="age2!=null">
  	and e.tb_emp_age &lt;=#{age2}
  	
  	</if>
  	<if test="birthday1!=null">
  	and tb_emp_birthday &gt;=#{birthday1}
  	
  	</if>
  	<if test="birthday2!=null">
  	and tb_emp_birthday &lt;=#{birthday2}
  	
  	</if>
  <if test="tbEmpDid!=null and tbEmpDid!=0">
  	and e.tb_emp_did = #{tbEmpDid}
  	
  	</if>
  
  </where>
  
  </select>
</mapper>